video_id,frame_index,timestamp_seconds,readable,brightness,sharpness,reason
video-1,0,0.0,True,58.32414050443673,31.734684967312983,usable sample
video-1,409,17.043858520900322,True,77.0088119695216,46.3619859170703,usable sample
video-1,818,34.087717041800644,True,81.84089168595679,56.10231299156743,usable sample
video-1,1227,51.13157556270096,True,82.50663206500772,34.90502712007407,usable sample
video-1,1637,68.21710610932476,True,79.84299913194444,54.64545379759026,usable sample
video-1,2046,85.26096463022508,True,80.13040883005401,37.90826002545553,usable sample
video-1,2455,102.30482315112539,True,79.99991572627314,39.01126977225351,usable sample
video-1,2864,119.34868167202572,True,79.4179165461034,52.49936595629398,usable sample
video-1,3273,136.39254019292605,True,77.32391468942902,36.70604914097268,usable sample
video-1,3682,153.43639871382635,True,83.46424370659722,34.17002627963674,usable sample
video-1,4092,170.52192926045015,True,78.49406527295525,37.556326678009974,usable sample
video-1,4501,187.56578778135048,True,79.50953390239198,17.643526474187343,usable sample
video-1,4910,204.60964630225078,True,80.92896351755401,38.21137597779324,usable sample
video-1,5319,221.6535048231511,True,72.63938874421297,14.161707537515607,usable sample
video-1,5728,238.69736334405144,True,81.98337842399691,59.27881445879733,usable sample
video-1,6137,255.74122186495177,True,81.71726345486111,32.065800780494385,usable sample
video-1,6547,272.82675241157557,True,79.1913192033179,25.571790002871406,usable sample
video-1,6956,289.87061093247587,True,85.58338710455247,34.92726524364991,usable sample
video-1,7365,306.91446945337617,True,79.51592387635031,32.670216636868055,usable sample
video-1,7774,323.95832797427653,True,86.78580343364197,34.590899322551564,usable sample
video-10,0,0.0,True,124.50627688560957,59.01484965279451,usable sample
video-10,935,31.17245418565828,True,94.59523618344907,27.94533311518799,usable sample
video-10,1871,62.378247894509784,True,115.97779116030092,25.84067283165106,usable sample
video-10,2806,93.55070208016807,True,113.8867148919753,26.853422421084506,usable sample
video-10,3741,124.72315626582635,True,120.45168680073303,26.039395709997848,usable sample
video-10,4676,155.89561045148463,True,113.61177674093364,32.53622733094846,usable sample
video-10,5612,187.10140416033613,True,113.30153247974538,32.48343194966048,usable sample
video-10,6547,218.2738583459944,True,99.93676902488426,16.859308080878733,usable sample
video-10,7482,249.4463125316527,True,113.15238220968364,17.397399567146326,usable sample
video-10,8417,280.61876671731096,True,110.08800962094908,19.286651592190086,usable sample
video-10,9353,311.82456042616246,True,102.46485725308642,14.968240716401972,usable sample
video-10,10288,342.99701461182076,True,113.29425660686728,20.380815602934277,usable sample
video-10,11223,374.16946879747906,True,98.01165738329475,13.3043817478216,usable sample
video-10,12158,405.3419229831373,True,114.12409420814043,50.98149534412552,usable sample
video-10,13094,436.5477166919888,True,113.32268192997685,39.078872008740056,usable sample
video-10,14029,467.7201708776471,True,109.86479311342593,30.575753637362375,usable sample
video-10,14964,498.8926250633054,True,120.70818070023148,16.111637125863826,usable sample
video-10,15899,530.0650792489637,True,113.1608317660108,38.92670197937564,usable sample
video-10,16835,561.2708729578152,True,113.66952811535494,38.310493102524475,usable sample
video-10,17770,592.4433271434734,True,127.0950577498071,41.85970298301197,usable sample
video-2,0,0.0,True,97.40492778260031,177.85516010406397,usable sample
video-2,1046,43.58881303225374,True,106.14921887056327,144.3391763056625,usable sample
video-2,2093,87.21929796989204,True,107.12053831500772,139.24486098681152,usable sample
video-2,3139,130.80811100214578,True,110.32442165798611,68.24385078833099,usable sample
video-2,4186,174.43859593978408,True,88.27659119405864,53.89361243060563,usable sample
video-2,5232,218.02740897203782,True,101.42882378472223,154.80074772443052,usable sample
video-2,6279,261.65789390967615,True,109.00623022762346,162.4624980433864,usable sample
video-2,7325,305.24670694192986,True,100.3113166714892,176.14903380273046,usable sample
video-2,8372,348.87719187956816,True,109.92876675829476,159.04513140296413,usable sample
video-2,9418,392.4660049118219,True,109.32905116705247,116.88485351401316,usable sample
video-2,10465,436.0964898494602,True,100.44883355034722,96.96235711943245,usable sample
video-2,11511,479.68530288171394,True,89.41146906346451,148.70116295263975,usable sample
video-2,12558,523.3157878193523,True,92.47053891782407,77.48245248428151,usable sample
video-2,13604,566.904600851606,True,108.11432834201389,92.78549514715841,usable sample
video-2,14651,610.5350857892442,True,112.7037648292824,111.22329160487746,usable sample
video-2,15697,654.1238988214981,True,96.84445830922068,119.07954873159692,usable sample
video-2,16744,697.7543837591363,True,102.22886393229167,197.9285197220523,usable sample
video-2,17790,741.34319679139,True,93.19648316936728,135.8625925887524,usable sample
video-2,18837,784.9736817290284,True,84.27457236207562,146.0223356552752,usable sample
video-2,19883,828.5624947612821,True,106.10249734760802,109.9283260792978,usable sample
video-3,0,0.0,True,118.6669581886574,97.62701062565625,usable sample
video-3,620,20.71496310119603,True,104.43532057773919,108.58965398178897,usable sample
video-3,1241,41.463337433200444,True,100.68425238715278,90.13969905157985,usable sample
video-3,1861,62.17830053439647,True,116.42613715277778,15.113724073182276,usable sample
video-3,2482,82.92667486640089,True,118.50011827256944,80.0820198745492,usable sample
video-3,3102,103.64163796759692,True,104.25186149691358,80.99379880382384,usable sample
video-3,3723,124.39001229960132,True,114.81436547550155,56.76166412663992,usable sample
video-3,4343,145.10497540079734,True,98.55024402006173,97.97226548946189,usable sample
video-3,4963,165.8199385019934,True,110.6497617669753,89.63544776812059,usable sample
video-3,5584,186.5683128339978,True,114.55612907503858,58.11761958440382,usable sample
video-3,6204,207.28327593519384,True,111.18085997781635,22.242783073535993,usable sample
video-3,6825,228.03165026719824,True,107.86181845582561,24.640019289300106,usable sample
video-3,7445,248.74661336839426,True,105.61079861111111,15.088313921730855,usable sample
video-3,8065,269.4615764695903,True,134.31442033179013,14.959763213600612,usable sample
video-3,8686,290.2099508015947,True,110.07330994405864,16.783264488508003,usable sample
video-3,9306,310.92491390279076,True,93.68216013213734,28.281229865868394,usable sample
video-3,9927,331.67328823479517,True,93.93620635609568,29.20038435559214,usable sample
video-3,10547,352.3882513359912,True,116.00151728877314,19.152045597007213,usable sample
video-3,11168,373.1366256679956,True,111.58976538387346,12.60852128420821,usable sample
video-3,11788,393.8515887691916,True,103.1705541087963,28.880665016602883,usable sample
video-5,0,0.0,True,107.24207067418982,41.27348017680961,usable sample
video-5,355,11.835526640964808,True,106.90277548707562,20.880124421150942,usable sample
video-5,710,23.671053281929616,True,116.76058557581018,18.13380521492937,usable sample
video-5,1065,35.506579922894424,True,123.60478009259259,18.155791495301802,usable sample
video-5,1420,47.34210656385923,True,113.99597125771605,28.397312333708275,usable sample
video-5,1774,59.144293693159355,True,111.82060848283179,20.04828450076325,usable sample
video-5,2129,70.97982033412416,True,85.17244924286265,31.372919316732958,usable sample
video-5,2484,82.81534697508897,True,95.8483797501929,24.145244502306443,usable sample
video-5,2839,94.65087361605377,True,96.4427271412037,26.150665265470046,usable sample
video-5,3194,106.48640025701859,True,94.08468810281636,36.55447421928675,usable sample
video-5,3549,118.32192689798339,True,95.60248444733796,19.751552613752192,usable sample
video-5,3904,130.1574535389482,True,104.34458634741512,23.00354500955873,usable sample
video-5,4259,141.99298017991302,True,96.54655285493827,23.267169410852723,usable sample
video-5,4614,153.8285068208778,True,94.75445457175925,19.64115825028281,usable sample
video-5,4969,165.66403346184262,True,97.56840928819445,25.790577014758263,usable sample
video-5,5323,177.46622059114276,True,89.11217399691358,20.28236785973699,usable sample
video-5,5678,189.30174723210754,True,96.07230456693672,20.48009318725452,usable sample
video-5,6033,201.13727387307236,True,101.58884054301697,32.28480515930055,usable sample
video-5,6388,212.97280051403717,True,102.25501012731482,20.25646303327862,usable sample
video-5,6743,224.808327155002,True,95.21815297067901,28.839910903632266,usable sample
video-6,0,0.0,True,119.13457597897377,81.87989363907097,usable sample
video-6,920,30.67237005245589,True,116.05959165219907,44.04558882105321,usable sample
video-6,1839,61.311400572246065,True,115.1628889371142,83.37019073032675,usable sample
video-6,2759,91.98377062470196,True,116.28167052469136,52.481358746563885,usable sample
video-6,3679,122.65614067715785,True,116.01964602623457,30.242920483176512,usable sample
video-6,4598,153.29517119694802,True,116.48096076871143,52.27361267062388,usable sample
video-6,5518,183.96754124940392,True,116.43550142264661,49.34051950223073,usable sample
video-6,6438,214.6399113018598,True,116.51235761477623,47.72063451598065,usable sample
video-6,7357,245.27894182165,True,116.83476236979166,46.53927914549761,usable sample
video-6,8277,275.9513118741059,True,116.41971269772377,48.98218035658429,usable sample
video-6,9197,306.62368192656174,True,116.48959430459105,51.93490943968169,usable sample
video-6,10117,337.29605197901765,True,116.93711323302469,32.965517775697926,usable sample
video-6,11036,367.93508249880784,True,114.78392288773148,45.587647207505185,usable sample
video-6,11956,398.60745255126375,True,108.83716760706018,27.179773931696253,usable sample
video-6,12876,429.2798226037196,True,111.30726526331019,53.01798149341418,usable sample
video-6,13795,459.9188531235098,True,119.31817732445988,68.44544806517123,usable sample
video-6,14715,490.5912231759657,True,116.024970703125,65.02384108282594,usable sample
video-6,15635,521.2635932284215,True,113.81312849633488,55.36574098165094,usable sample
video-6,16554,551.9026237482118,True,117.40236930941359,70.20401330705576,usable sample
video-6,17474,582.5749938006676,True,116.43469943576389,63.27075481553218,usable sample
video-7,0,0.0,True,117.30333863811728,126.30555543454714,usable sample
video-7,193,6.434559397404483,True,101.41425805362654,60.73442791635005,usable sample
video-7,387,12.90245848080588,True,111.45270965952932,85.69276841596752,usable sample
video-7,580,19.337017878210364,True,102.17039785879629,54.15318005099789,usable sample
video-7,773,25.771577275614845,True,121.65558123553241,52.6332468631725,usable sample
video-7,966,32.20613667301933,True,114.61995056905864,75.31855203495081,usable sample
video-7,1160,38.67403575642073,True,120.92400149498457,152.43421617309494,usable sample
video-7,1353,45.108595153825206,True,113.01805205922068,59.012638767380444,usable sample
video-7,1546,51.54315455122969,True,118.62110339506172,66.1762578351149,usable sample
video-7,1739,57.977713948634175,True,122.56803976176697,111.088770353023,usable sample
video-7,1933,64.44561303203557,True,126.08287844810957,82.71579123022133,usable sample
video-7,2126,70.88017242944005,True,114.52468267746913,77.88574673343996,usable sample
video-7,2319,77.31473182684454,True,110.1613264371142,122.89557771278501,usable sample
video-7,2512,83.74929122424902,True,111.98906105324075,95.70534974715063,usable sample
video-7,2706,90.21719030765041,True,112.59023196373457,73.11713119101702,usable sample
video-7,2899,96.6517497050549,True,116.26195384837963,81.48822620769647,usable sample
video-7,3092,103.08630910245938,True,121.637843123071,73.80854761523965,usable sample
video-7,3285,109.52086849986387,True,113.91126603491513,24.451409253947276,usable sample
video-7,3479,115.98876758326526,True,96.51306194540895,54.32908830008987,usable sample
video-7,3672,122.42332698066974,True,110.51885428722994,14.554327737782588,usable sample
video-8,0,0.0,True,129.48137116608797,48.30818455101116,usable sample
video-8,513,17.103156599323146,True,107.07554229359567,226.35291220003813,usable sample
video-8,1026,34.20631319864629,True,108.95423707561729,142.83213297234659,usable sample
video-8,1539,51.309469797969435,True,107.2377165316358,87.70326931182832,usable sample
video-8,2053,68.44596588384097,True,117.7200569058642,157.92821759081198,usable sample
video-8,2566,85.54912248316411,True,115.03832260320216,125.80938548490617,usable sample
video-8,3079,102.65227908248727,True,115.77957935474537,132.5145103917153,usable sample
video-8,3592,119.75543568181041,True,113.81446988329475,172.96901270728264,usable sample
video-8,4105,136.85859228113355,True,106.78989836516203,98.58032672436713,usable sample
video-8,4618,153.9617488804567,True,106.51918800636574,223.0687583862909,usable sample
video-8,5132,171.09824496632822,True,107.17223331404321,209.28047837676323,usable sample
video-8,5645,188.20140156565137,True,107.64048984857253,47.45046766116469,usable sample
video-8,6158,205.30455816497454,True,110.06228925540124,29.543993898762597,usable sample
video-8,6671,222.40771476429768,True,124.29947060667438,187.62730096403033,usable sample
video-8,7184,239.51087136362082,True,114.71424117476852,210.36510826568946,usable sample
video-8,7697,256.61402796294396,True,103.55011393229167,66.59778318305692,usable sample
video-8,8211,273.7505240488155,True,107.95964216820988,49.47073217686327,usable sample
video-8,8724,290.85368064813866,True,119.43470992476851,132.9931138907824,usable sample
video-8,9237,307.9568372474618,True,111.37784999517747,146.01851477621778,usable sample
video-8,9750,325.05999384678495,True,103.43816092785494,123.2665717269038,usable sample
video-9,0,0.0,True,114.4291194058642,411.4246302380721,usable sample
video-9,1402,46.74201852199487,True,91.19445384837962,136.32463492410844,usable sample
video-9,2804,93.48403704398974,True,91.66025619695216,157.12818359374018,usable sample
video-9,4205,140.1927160377949,True,89.93133005401235,160.21119885705926,usable sample
video-9,5607,186.93473455978975,True,96.38052601755402,134.24265684856212,usable sample
video-9,7009,233.67675308178463,True,93.12027404031636,182.97653931237483,usable sample
video-9,8411,280.4187716037795,True,91.75557508680555,160.26597618624558,usable sample
video-9,9813,327.1607901257744,True,97.3890005304784,86.91211426253909,usable sample
video-9,11214,373.8694691195795,True,88.23088035300925,95.41123383426536,usable sample
video-9,12616,420.6114876415744,True,103.47516420717592,59.98079824739898,usable sample
video-9,14018,467.35350616356925,True,104.04346378279321,81.58877795761589,usable sample
video-9,15420,514.0955246855641,True,97.13483012635031,94.45474878111503,usable sample
video-9,16821,560.8042036793693,True,95.6807290461034,105.06481092546576,usable sample
video-9,18223,607.5462222013641,True,96.33554108796297,131.64199326401834,usable sample
video-9,19625,654.288240723359,True,102.01593762056328,136.7460643070043,usable sample
video-9,21027,701.0302592453539,True,85.29256233121141,76.01745212852873,usable sample
video-9,22429,747.7722777673488,True,105.977216796875,261.0179768062815,usable sample
video-9,23830,794.480956761154,True,105.07564561631945,134.6870305222871,usable sample
video-9,25232,841.2229752831488,True,101.30255425347222,122.17728633562672,usable sample
video-9,26634,887.9649938051436,True,55.041800974151236,22.341687399247807,usable sample
